id;first_name;last_name;email;age
1;Joell;Rickertsen;jrickertsen0@i2i.jp;51
2;Glynnis;Pavic;gpavic1@cloudflare.com;42
3;Merrili;Pencot;mpencot2@bigcartel.com;66
4;Napoleon;McGebenay;nmcgebenay3@example.com;64
5;Wyndham;Leidecker;wleidecker4@bigcartel.com;21
6;Mata;Keitley;mkeitley5@intel.com;39
7;Dotti;Locker;dlocker6@phpbb.com;20
8;Daisi;Van Arsdall;dvanarsdall7@icio.us;57
9;Garrik;Saggers;gsaggers8@gmpg.org;68
10;Sheena;Kolinsky;skolinsky9@t.co;32
11;Bee;Devany;bdevanya@addthis.com;49
12;Berte;Ramel;bramelb@dyndns.org;59
13;Betteann;Furber;bfurberc@skyrock.com;61
14;Chilton;Michelle;cmichelled@desdev.cn;23
15;Burnaby;Pinn;bpinne@omniture.com;27
16;Miller;Nevill;mnevillf@purevolume.com;57
17;Gilburt;Coldicott;gcoldicottg@newsvine.com;22
18;Clyde;Lavery;claveryh@addthis.com;27
19;Dara;Bockings;dbockingsi@epa.gov;63
20;Heidie;Swansbury;hswansburyj@stumbleupon.com;47
21;Kit;Chick;kchickk@storify.com;47
22;Hyacinthie;Jarrard;hjarrardl@123-reg.co.uk;27
23;Chantalle;Slym;cslymm@yellowpages.com;22
24;Hoebart;Cars;hcarsn@creativecommons.org;36
25;Roscoe;Weymouth;rweymoutho@webs.com;67
26;Xavier;Huckett;xhuckettp@hostgator.com;33
27;Flore;Kilday;fkildayq@uiuc.edu;35
28;Claire;Bailiss;cbailissr@telegraph.co.uk;62
29;Vitoria;Harriman;vharrimans@domainmarket.com;34
30;Fae;Trumble;ftrumblet@plala.or.jp;22
31;Barbee;Hamlet;bhamletu@canalblog.com;46
32;Erek;Snowden;esnowdenv@unesco.org;43
33;Friederike;Luberto;flubertow@army.mil;44
34;Letitia;Lanchberry;llanchberryx@hao123.com;34
35;Sheeree;Tonepohl;stonepohly@tmall.com;31
36;Laina;Alywen;lalywenz@mapquest.com;52
37;Byran;Yesinin;byesinin10@posterous.com;20
38;Ichabod;Shepcutt;ishepcutt11@latimes.com;18
39;Mycah;Wakerley;mwakerley12@yandex.ru;22
40;Les;Mackrill;lmackrill13@desdev.cn;36
41;Cheri;Gimeno;cgimeno14@arizona.edu;40
42;Shelden;Braybrooks;sbraybrooks15@quantcast.com;33
43;Sarene;Slimon;sslimon16@answers.com;41
44;Carny;Creavan;ccreavan17@nyu.edu;34
45;Tasha;Mellsop;tmellsop18@tripadvisor.com;40
46;Stanislaus;Cumberledge;scumberledge19@jiathis.com;51
47;Rachelle;Gately;rgately1a@w3.org;49
48;Annamarie;Trittam;atrittam1b@eventbrite.com;42
49;Kare;Wardlow;kwardlow1c@cnn.com;43
50;Carola;Filyukov;cfilyukov1d@sfgate.com;58
51;Rouvin;Wisden;rwisden1e@bluehost.com;26
52;Phil;Tomas;ptomas1f@nba.com;41
53;Lilith;Ginni;lginni1g@jigsy.com;40
54;Noni;Cattell;ncattell1h@kickstarter.com;60
55;Crystal;Royson;croyson1i@netvibes.com;45
56;Anabel;Lorenzini;alorenzini1j@geocities.jp;35
57;Hagan;Quirk;hquirk1k@clickbank.net;35
58;Kerwinn;Bacchus;kbacchus1l@multiply.com;45
59;Jocko;Walton;jwalton1m@google.com.br;45
60;Ailee;Blackesland;ablackesland1n@issuu.com;22
61;Melissa;Pughe;mpughe1o@irs.gov;24
62;Benedetta;Clingan;bclingan1p@wikispaces.com;57
63;Darbie;Ever;dever1q@nyu.edu;27
64;Kendall;Flecknoe;kflecknoe1r@cmu.edu;69
65;Florette;Dunning;fdunning1s@va.gov;35
66;Doyle;Ferreiro;dferreiro1t@hud.gov;54
67;Rica;Prattington;rprattington1u@hud.gov;64
68;Dmitri;Kiera;dkiera1v@aboutads.info;51
69;Amalie;Ranstead;aranstead1w@rambler.ru;27
70;Frasier;Travers;ftravers1x@umich.edu;23
71;Colman;Dwire;cdwire1y@newsvine.com;27
72;Kiah;Brokenbrow;kbrokenbrow1z@google.com.br;51
73;Georgine;Niessen;gniessen20@telegraph.co.uk;29
74;Manny;Poyzer;mpoyzer21@theguardian.com;51
75;Burk;Grunnill;bgrunnill22@unc.edu;62
76;Tally;Millard;tmillard23@theguardian.com;52
77;Alic;Stanes;astanes24@plala.or.jp;65
78;Bonni;Brett;bbrett25@omniture.com;37
79;Benedicta;MacGinney;bmacginney26@latimes.com;37
80;Laurene;Kubatsch;lkubatsch27@sogou.com;27
81;Owen;Miliffe;omiliffe28@stanford.edu;32
82;Jeniffer;Crumbie;jcrumbie29@yelp.com;61
83;Rubin;Sunock;rsunock2a@nhs.uk;35
84;Durward;Dallison;ddallison2b@csmonitor.com;29
85;Gabriellia;Highnam;ghighnam2c@hostgator.com;62
86;Otha;Parminter;oparminter2d@cyberchimps.com;46
87;Tracey;Bartrop;tbartrop2e@vistaprint.com;54
88;Ulric;Corneljes;ucorneljes2f@tumblr.com;19
89;Ofelia;Morad;omorad2g@go.com;28
90;Amby;Armell;aarmell2h@pinterest.com;58
91;Arie;Keddle;akeddle2i@msn.com;29
92;Idell;Segrott;isegrott2j@accuweather.com;35
93;Coleman;Slight;cslight2k@archive.org;70
94;Gerrie;Obeney;gobeney2l@prlog.org;47
95;Zane;Ovett;zovett2m@si.edu;60
96;Sutton;Lown;slown2n@psu.edu;69
97;Margalo;O'Criane;mocriane2o@imgur.com;62
98;Faina;Griffith;fgriffith2p@blogtalkradio.com;58
99;Rodrick;Jerger;rjerger2q@walmart.com;34
100;Otha;Bruneau;obruneau2r@imgur.com;58
